{
  "generated_at": "2025-11-21T09:40:38.678460",
  "items": [
    {
      "id": "https://www.bbc.com/news/articles/cdege1867lno#1",
      "title": "Frida Kahlo self-portrait sells for record-breaking $55m",
      "summary_short": "Frida Kahlo self-portrait sells for record-breaking $55m. The auction shattered the previous record for a price tag fetched for a work by a female artist.",
      "summary_medium": "Frida Kahlo self-portrait sells for record-breaking $55m. The auction shattered the previous record for a price tag fetched for a work by a female artist.",
      "category": "technology",
      "language": "en",
      "polarity": "positive",
      "confidence": 0.2,
      "confidence_score": 0.2,
      "reward_score": 0.0,
      "tone": "urgent",
      "timestamp": "2025-11-21T03:23:18+00:00",
      "audio_path": "data/audio/20251121/vaani/item_10_vaani.wav",
      "audio_duration": 6.99,
      "voice_used": "default",
      "synthesis_status": "fallback",
      "avatar": "vaani",
      "trend_score": 0.9679,
      "priority_score": 0.8009
    },
    {
      "id": "https://www.bbc.com/news/articles/ceq0q3e2j17o#0",
      "title": "At least 41 dead as relentless rains flood Vietnam",
      "summary_short": "At least 41 dead as relentless rains flood Vietnam. The coastal cities of Hoi An and Nha Trang, and a key coffee-producing belt, are among the worst-hit.",
      "summary_medium": "At least 41 dead as relentless rains flood Vietnam. The coastal cities of Hoi An and Nha Trang, and a key coffee-producing belt, are among the worst-hit.",
      "category": "technology",
      "language": "en",
      "polarity": "neutral",
      "confidence": 0.3,
      "confidence_score": 0.3,
      "reward_score": 0.0,
      "tone": "calm",
      "timestamp": "2025-11-21T08:38:34+00:00",
      "audio_path": "data/audio/20251121/vaani/item_3_vaani.wav",
      "audio_duration": 9.65,
      "voice_used": "default",
      "synthesis_status": "fallback",
      "avatar": "vaani",
      "trend_score": 0.9679,
      "priority_score": 0.7628
    },
    {
      "id": "https://www.bbc.com/news/articles/cly1ypqlle0o#0",
      "title": "Zelensky ready to work with US on 'their vision' for ending Ukraine war",
      "summary_short": "Zelensky ready to work with US on 'their vision' for ending Ukraine war. Kyiv says it is willing to engage with a US-backed draft peace plan aimed at ending the war with Russia.",
      "summary_medium": "Zelensky ready to work with US on 'their vision' for ending Ukraine war. Kyiv says it is willing to engage with a US-backed draft peace plan aimed at ending the war with Russia.",
      "category": "technology",
      "language": "en",
      "polarity": "neutral",
      "confidence": 0.3,
      "confidence_score": 0.3,
      "reward_score": 0.0,
      "tone": "calm",
      "timestamp": "2025-11-21T08:06:21+00:00",
      "audio_path": "data/audio/20251121/vaani/item_1_vaani.wav",
      "audio_duration": 9.51,
      "voice_used": "default",
      "synthesis_status": "fallback",
      "avatar": "vaani",
      "trend_score": 0.9679,
      "priority_score": 0.7606
    },
    {
      "id": "https://www.bbc.com/news/articles/c3rjr2r72gpo#0",
      "title": "Russian envoy Kirill Dmitriev: Putin propagandist or key to peace with Ukraine?",
      "summary_short": "Russian envoy Kirill Dmitriev: Putin propagandist or key to peace with Ukraine?. Putin's envoy finds himself under the spotlight over a draft peace plan that emerged after he spent days with Steve Witkoff in Miami.",
      "summary_medium": "Russian envoy Kirill Dmitriev: Putin propagandist or key to peace with Ukraine?. Putin's envoy finds himself under the spotlight over a draft peace plan that emerged after he spent days with Steve Witkoff in Miami.",
      "category": "technology",
      "language": "en",
      "polarity": "neutral",
      "confidence": 0.3,
      "confidence_score": 0.3,
      "reward_score": 0.0,
      "tone": "calm",
      "timestamp": "2025-11-21T07:15:00+00:00",
      "audio_path": "data/audio/20251121/vaani/item_2_vaani.wav",
      "audio_duration": 12.22,
      "voice_used": "default",
      "synthesis_status": "fallback",
      "avatar": "vaani",
      "trend_score": 0.9679,
      "priority_score": 0.757
    },
    {
      "id": "t999",
      "title": "Test",
      "summary_short": "a",
      "summary_medium": "b",
      "category": "general",
      "language": "en",
      "polarity": "neutral",
      "confidence_score": 0.5,
      "tone": "calm",
      "timestamp": "2025-11-21T09:39:42.313933",
      "trend_score": 0.6281,
      "priority_score": 0.6712
    },
    {
      "id": "https://www.bbc.com/news/articles/cj4qxvy74qyo#0",
      "title": "Pupils abducted from Catholic school in fresh Nigeria attack",
      "summary_short": "Pupils abducted from Catholic school in fresh Nigeria attack. Security forces have launched operations to assess the situation and locate the missing pupils.",
      "summary_medium": "Pupils abducted from Catholic school in fresh Nigeria attack. Security forces have launched operations to assess the situation and locate the missing pupils.",
      "category": "general",
      "language": "en",
      "polarity": "neutral",
      "confidence": 0.3,
      "confidence_score": 0.3,
      "reward_score": 0.0,
      "tone": "calm",
      "timestamp": "2025-11-21T09:29:20+00:00",
      "trend_score": 0.6281,
      "priority_score": 0.6305
    },
    {
      "id": "https://www.bbc.com/news/articles/c33mnvy5zppo#0",
      "title": "Venezuela says opposition leader will become fugitive if she collects Nobel",
      "summary_short": "Venezuela says opposition leader will become fugitive if she collects Nobel. María Corina Machado may not be able to return if she goes to Norway for prize-giving, attorney general says.",
      "summary_medium": "Venezuela says opposition leader will become fugitive if she collects Nobel. María Corina Machado may not be able to return if she goes to Norway for prize-giving, attorney general says.",
      "category": "general",
      "language": "en",
      "polarity": "neutral",
      "confidence": 0.3,
      "confidence_score": 0.3,
      "reward_score": 0.0,
      "tone": "calm",
      "timestamp": "2025-11-21T09:04:24+00:00",
      "audio_path": "data/audio/20251121/vaani/item_4_vaani.wav",
      "audio_duration": 10.89,
      "voice_used": "default",
      "synthesis_status": "fallback",
      "avatar": "vaani",
      "trend_score": 0.6281,
      "priority_score": 0.6287
    },
    {
      "id": "https://www.bbc.com/news/articles/c4gpgp07zdko#1",
      "title": "Men posing as India's central bank officials pull off $800,000 heist",
      "summary_short": "Men posing as India's central bank officials pull off $800,000 heist. Police say the gang robbed a van transporting cash between bank branches in Bengaluru city.",
      "summary_medium": "Men posing as India's central bank officials pull off $800,000 heist. Police say the gang robbed a van transporting cash between bank branches in Bengaluru city.",
      "category": "general",
      "language": "en",
      "polarity": "neutral",
      "confidence": 0.3,
      "confidence_score": 0.3,
      "reward_score": 0.0,
      "tone": "calm",
      "timestamp": "2025-11-21T07:24:28+00:00",
      "trend_score": 0.6281,
      "priority_score": 0.6218
    },
    {
      "id": "https://www.bbc.com/news/articles/cgmxmxljg8mo#0",
      "title": "Mexico's Fatima Bosch, who walked out on organisers, crowned Miss Universe",
      "summary_short": "Mexico's Fatima Bosch, who walked out on organisers, crowned Miss Universe. A scandal-filled pageant season ends with the crowning of a new Miss Universe in Bangkok, Thailand.",
      "summary_medium": "Mexico's Fatima Bosch, who walked out on organisers, crowned Miss Universe. A scandal-filled pageant season ends with the crowning of a new Miss Universe in Bangkok, Thailand.",
      "category": "general",
      "language": "en",
      "polarity": "neutral",
      "confidence": 0.3,
      "confidence_score": 0.3,
      "reward_score": 0.0,
      "tone": "calm",
      "timestamp": "2025-11-21T07:13:33+00:00",
      "trend_score": 0.6281,
      "priority_score": 0.621
    },
    {
      "id": "https://www.bbc.com/news/articles/cx24200d7y9o#0",
      "title": "New US rules say countries with diversity policies are infringing human rights",
      "summary_short": "New US rules say countries with diversity policies are infringing human rights. US officials say the rules will stop \"destructive ideologies\" but others argue it is redefining human rights principles for Trump's goals.",
      "summary_medium": "New US rules say countries with diversity policies are infringing human rights. US officials say the rules will stop \"destructive ideologies\" but others argue it is redefining human rights principles for Trump's goals.",
      "category": "general",
      "language": "en",
      "polarity": "neutral",
      "confidence": 0.3,
      "confidence_score": 0.3,
      "reward_score": 0.0,
      "tone": "calm",
      "timestamp": "2025-11-21T05:25:50+00:00",
      "trend_score": 0.6281,
      "priority_score": 0.6136
    },
    {
      "id": "https://www.bbc.com/news/articles/cx2n2955g10o#1",
      "title": "Streaming platform Twitch added to Australia's teen social media ban",
      "summary_short": "Streaming platform Twitch added to Australia's teen social media ban. It joins other platforms including Facebook, Instagram, TikTok and Snapchat in the ban that starts next month.",
      "summary_medium": "Streaming platform Twitch added to Australia's teen social media ban. It joins other platforms including Facebook, Instagram, TikTok and Snapchat in the ban that starts next month.",
      "category": "general",
      "language": "en",
      "polarity": "neutral",
      "confidence": 0.3,
      "confidence_score": 0.3,
      "reward_score": 0.0,
      "tone": "calm",
      "timestamp": "2025-11-21T02:33:49+00:00",
      "trend_score": 0.6281,
      "priority_score": 0.6016
    }
  ]
}