id,title,category,language,polarity,tone,trend_score,priority_score,timestamp
https://www.bbc.com/news/articles/cdege1867lno#1,Frida Kahlo self-portrait sells for record-breaking $55m,technology,en,positive,urgent,0.9679,0.8009,2025-11-21T03:23:18+00:00
https://www.bbc.com/news/articles/ceq0q3e2j17o#0,At least 41 dead as relentless rains flood Vietnam,technology,en,neutral,calm,0.9679,0.7628,2025-11-21T08:38:34+00:00
https://www.bbc.com/news/articles/cly1ypqlle0o#0,Zelensky ready to work with US on 'their vision' for ending Ukraine war,technology,en,neutral,calm,0.9679,0.7606,2025-11-21T08:06:21+00:00
https://www.bbc.com/news/articles/c3rjr2r72gpo#0,Russian envoy Kirill Dmitriev: Putin propagandist or key to peace with Ukraine?,technology,en,neutral,calm,0.9679,0.757,2025-11-21T07:15:00+00:00
t999,Test,general,en,neutral,calm,0.6281,0.6712,2025-11-21T09:39:42.313933
https://www.bbc.com/news/articles/cj4qxvy74qyo#0,Pupils abducted from Catholic school in fresh Nigeria attack,general,en,neutral,calm,0.6281,0.6305,2025-11-21T09:29:20+00:00
https://www.bbc.com/news/articles/c33mnvy5zppo#0,Venezuela says opposition leader will become fugitive if she collects Nobel,general,en,neutral,calm,0.6281,0.6287,2025-11-21T09:04:24+00:00
https://www.bbc.com/news/articles/c4gpgp07zdko#1,Men posing as India's central bank officials pull off $800 000 heist,general,en,neutral,calm,0.6281,0.6218,2025-11-21T07:24:28+00:00
https://www.bbc.com/news/articles/cgmxmxljg8mo#0,Mexico's Fatima Bosch  who walked out on organisers  crowned Miss Universe,general,en,neutral,calm,0.6281,0.621,2025-11-21T07:13:33+00:00
https://www.bbc.com/news/articles/cx24200d7y9o#0,New US rules say countries with diversity policies are infringing human rights,general,en,neutral,calm,0.6281,0.6136,2025-11-21T05:25:50+00:00
https://www.bbc.com/news/articles/cx2n2955g10o#1,Streaming platform Twitch added to Australia's teen social media ban,general,en,neutral,calm,0.6281,0.6016,2025-11-21T02:33:49+00:00
