{
  "generated_at": "2025-11-22T05:22:17.813595",
  "items": [
    {
      "id": "t999",
      "title": "Test",
      "summary_short": "a",
      "summary_medium": "b",
      "category": "general",
      "language": "en",
      "polarity": "neutral",
      "confidence_score": 0.5,
      "tone": "calm",
      "timestamp": "2025-11-22T05:22:02.053245",
      "trend_score": 0.9053,
      "priority_score": 0.7821,
      "script": "b",
      "rl_reward_score": 0.0
    },
    {
      "id": "https://www.bbc.com/news/articles/cj4qx1lenvjo#0",
      "title": "High-profile Republican Marjorie Taylor Greene to quit Congress after Trump feud",
      "summary_short": "High-profile Republican Marjorie Taylor Greene to quit Congress after Trump feud. Her feud with the president erupted amid her relentless calls to release files related to paedophile Jeffrey Epstein.",
      "summary_medium": "High-profile Republican Marjorie Taylor Greene to quit Congress after Trump feud. Her feud with the president erupted amid her relentless calls to release files related to paedophile Jeffrey Epstein.",
      "script": "High-profile Republican Marjorie Taylor Greene to quit Congress after Trump feud. Her feud with the president erupted amid her relentless calls to release files related to paedophile Jeffrey Epstein.",
      "category": "general",
      "language": "en",
      "polarity": "neutral",
      "confidence": 0.3,
      "confidence_score": 0.3,
      "reward_score": 0.0,
      "rl_reward_score": 0.0,
      "tone": "calm",
      "timestamp": "2025-11-22T04:12:35+00:00",
      "audio_path": "data/audio/20251122/vaani/item_3_vaani.wav",
      "audio_duration": 10.74,
      "voice_used": "default",
      "synthesis_status": "fallback",
      "avatar": "vaani",
      "trend_score": 0.9053,
      "priority_score": 0.7373
    },
    {
      "id": "https://www.bbc.com/news/articles/cy5g4r9l4dlo#0",
      "title": "Zelensky warns Ukraine risks losing US support over White House peace plan",
      "summary_short": "Zelensky warns Ukraine risks losing US support over White House peace plan. Vladimir Putin says the plan could be the \"basis\" for peace but warns Russia is prepared to fight on.",
      "summary_medium": "Zelensky warns Ukraine risks losing US support over White House peace plan. Vladimir Putin says the plan could be the \"basis\" for peace but warns Russia is prepared to fight on.",
      "script": "Zelensky warns Ukraine risks losing US support over White House peace plan. Vladimir Putin says the plan could be the \"basis\" for peace but warns Russia is prepared to fight on.",
      "category": "technology",
      "language": "en",
      "polarity": "negative",
      "confidence": 0.4,
      "confidence_score": 0.4,
      "reward_score": 0.0,
      "rl_reward_score": 0.0,
      "tone": "calm",
      "timestamp": "2025-11-21T23:49:57+00:00",
      "audio_path": "data/audio/20251122/vaani/item_1_vaani.wav",
      "audio_duration": 10.22,
      "voice_used": "default",
      "synthesis_status": "fallback",
      "avatar": "vaani",
      "trend_score": 1.0,
      "priority_score": 0.7369
    },
    {
      "id": "https://www.bbc.com/news/articles/cvgqd42gl0qo#0",
      "title": "Five takeaways from Trump and Mamdani's surprisingly cordial meeting",
      "summary_short": "Five takeaways from Trump and Mamdani's surprisingly cordial meeting. It was billed as potentially the political showdown of the year.",
      "summary_medium": "Five takeaways from Trump and Mamdani's surprisingly cordial meeting. It was billed as potentially the political showdown of the year. Instead, both men gave one another praise.",
      "script": "Five takeaways from Trump and Mamdani's surprisingly cordial meeting. It was billed as potentially the political showdown of the year. Instead, both men gave one another praise.",
      "category": "general",
      "language": "en",
      "polarity": "neutral",
      "confidence": 0.3,
      "confidence_score": 0.3,
      "reward_score": 0.0,
      "rl_reward_score": 0.0,
      "tone": "calm",
      "timestamp": "2025-11-22T04:04:18+00:00",
      "trend_score": 0.9053,
      "priority_score": 0.7367
    },
    {
      "id": "https://www.bbc.com/news/articles/c78z8n3kvnro#0",
      "title": "India's blind women cricketers chase history at first T20 World Cup",
      "summary_short": "India's blind women cricketers chase history at first T20 World Cup. Most players come from underprivileged, rural backgrounds and learned the sport in the last few years.",
      "summary_medium": "India's blind women cricketers chase history at first T20 World Cup. Most players come from underprivileged, rural backgrounds and learned the sport in the last few years.",
      "script": "India's blind women cricketers chase history at first T20 World Cup. Most players come from underprivileged, rural backgrounds and learned the sport in the last few years.",
      "category": "general",
      "language": "en",
      "polarity": "neutral",
      "confidence": 0.3,
      "confidence_score": 0.3,
      "reward_score": 0.0,
      "rl_reward_score": 0.0,
      "tone": "calm",
      "timestamp": "2025-11-22T02:07:19+00:00",
      "trend_score": 0.9053,
      "priority_score": 0.7286
    },
    {
      "id": "https://www.bbc.com/news/articles/c20508y7w5yo#0",
      "title": "Will Trump's no-show eclipse South Africa's G20 moment?",
      "summary_short": "Will Trump's no-show eclipse South Africa's G20 moment?. The host nation's goal of advocating for developing nations may be overshadowed by the absence of the US president.",
      "summary_medium": "Will Trump's no-show eclipse South Africa's G20 moment?. The host nation's goal of advocating for developing nations may be overshadowed by the absence of the US president.",
      "script": "Will Trump's no-show eclipse South Africa's G20 moment?. The host nation's goal of advocating for developing nations may be overshadowed by the absence of the US president.",
      "category": "general",
      "language": "en",
      "polarity": "neutral",
      "confidence": 0.3,
      "confidence_score": 0.3,
      "reward_score": 0.0,
      "rl_reward_score": 0.0,
      "tone": "calm",
      "timestamp": "2025-11-22T00:09:48+00:00",
      "audio_path": "data/audio/20251122/vaani/item_4_vaani.wav",
      "audio_duration": 9.68,
      "voice_used": "default",
      "synthesis_status": "fallback",
      "avatar": "vaani",
      "trend_score": 0.9053,
      "priority_score": 0.7204
    },
    {
      "id": "https://www.bbc.com/news/articles/cgqlqjz30zxo#0",
      "title": "Family of missing Colombian seek answers after US strike on alleged drug boat",
      "summary_short": "Family of missing Colombian seek answers after US strike on alleged drug boat. Lizbeth Perez's uncle has not been seen since a boat was hit in international waters in September.",
      "summary_medium": "Family of missing Colombian seek answers after US strike on alleged drug boat. Lizbeth Perez's uncle has not been seen since a boat was hit in international waters in September.",
      "script": "Family of missing Colombian seek answers after US strike on alleged drug boat. Lizbeth Perez's uncle has not been seen since a boat was hit in international waters in September.",
      "category": "general",
      "language": "en",
      "polarity": "neutral",
      "confidence": 0.3,
      "confidence_score": 0.3,
      "reward_score": 0.0,
      "rl_reward_score": 0.0,
      "tone": "calm",
      "timestamp": "2025-11-21T22:01:24+00:00",
      "trend_score": 0.9053,
      "priority_score": 0.7115
    },
    {
      "id": "https://www.bbc.com/news/articles/cz68x1n5qd6o#1",
      "title": "Grizzly bear on loose after attacking school group in Canada, injuring 11",
      "summary_short": "Grizzly bear on loose after attacking school group in Canada, injuring 11. A male teacher \"got the whole brunt\" of the attack and some children were hit with bear spray.",
      "summary_medium": "Grizzly bear on loose after attacking school group in Canada, injuring 11. A male teacher \"got the whole brunt\" of the attack and some children were hit with bear spray.",
      "script": "Grizzly bear on loose after attacking school group in Canada, injuring 11. A male teacher \"got the whole brunt\" of the attack and some children were hit with bear spray.",
      "category": "general",
      "language": "en",
      "polarity": "neutral",
      "confidence": 0.3,
      "confidence_score": 0.3,
      "reward_score": 0.0,
      "rl_reward_score": 0.0,
      "tone": "calm",
      "timestamp": "2025-11-21T21:05:30+00:00",
      "trend_score": 0.9053,
      "priority_score": 0.7076
    },
    {
      "id": "https://www.bbc.com/news/articles/c5y9k0mrm2ro#0",
      "title": "Steve Rosenberg: Putin uncompromising as leaked plan reaches Moscow",
      "summary_short": "Steve Rosenberg: Putin uncompromising as leaked plan reaches Moscow. Russia and Ukraine may be about to enter a period of intense diplomacy, writes the BBC's Russia editor.",
      "summary_medium": "Steve Rosenberg: Putin uncompromising as leaked plan reaches Moscow. Russia and Ukraine may be about to enter a period of intense diplomacy, writes the BBC's Russia editor.",
      "script": "Steve Rosenberg: Putin uncompromising as leaked plan reaches Moscow. Russia and Ukraine may be about to enter a period of intense diplomacy, writes the BBC's Russia editor.",
      "category": "general",
      "language": "en",
      "polarity": "neutral",
      "confidence": 0.3,
      "confidence_score": 0.3,
      "reward_score": 0.0,
      "rl_reward_score": 0.0,
      "tone": "calm",
      "timestamp": "2025-11-21T18:21:53+00:00",
      "audio_path": "data/audio/20251122/vaani/item_2_vaani.wav",
      "audio_duration": 10.81,
      "voice_used": "default",
      "synthesis_status": "fallback",
      "avatar": "vaani",
      "trend_score": 0.9053,
      "priority_score": 0.6963
    },
    {
      "id": "https://www.bbc.com/news/articles/c7810w37vwdo#1",
      "title": "Tracking build-up of US military planes and warships near Venezuela",
      "summary_short": "Tracking build-up of US military planes and warships near Venezuela. The US has justified its air and naval campaign as necessary to fight drug smuggling into the US.",
      "summary_medium": "Tracking build-up of US military planes and warships near Venezuela. The US has justified its air and naval campaign as necessary to fight drug smuggling into the US.",
      "script": "Tracking build-up of US military planes and warships near Venezuela. The US has justified its air and naval campaign as necessary to fight drug smuggling into the US.",
      "category": "general",
      "language": "en",
      "polarity": "neutral",
      "confidence": 0.3,
      "confidence_score": 0.3,
      "reward_score": 0.0,
      "rl_reward_score": 0.0,
      "tone": "calm",
      "timestamp": "2025-11-21T16:35:12+00:00",
      "audio_path": "data/audio/20251122/vaani/item_10_vaani.wav",
      "audio_duration": 9.95,
      "voice_used": "default",
      "synthesis_status": "fallback",
      "avatar": "vaani",
      "trend_score": 0.9053,
      "priority_score": 0.6889
    },
    {
      "id": "https://www.bbc.com/news/articles/cvgke7e2jx8o#1",
      "title": "At least five killed in Bangladesh earthquake",
      "summary_short": "At least five killed in Bangladesh earthquake. The epicentre of the earthquake was about 30 kilometres (18.6 miles) from the capital, Dhaka.",
      "summary_medium": "At least five killed in Bangladesh earthquake. The epicentre of the earthquake was about 30 kilometres (18.6 miles) from the capital, Dhaka.",
      "script": "At least five killed in Bangladesh earthquake. The epicentre of the earthquake was about 30 kilometres (18.6 miles) from the capital, Dhaka.",
      "category": "general",
      "language": "en",
      "polarity": "neutral",
      "confidence": 0.3,
      "confidence_score": 0.3,
      "reward_score": 0.0,
      "rl_reward_score": 0.0,
      "tone": "calm",
      "timestamp": "2025-11-21T16:10:07+00:00",
      "trend_score": 0.9053,
      "priority_score": 0.6871
    }
  ]
}