{
  "generated_at": "2025-11-22T07:52:28.511293",
  "items": [
    {
      "id": "https://www.bbc.com/news/articles/cde6yld78d6o#0",
      "title": "What we know about leaked US draft plan to end Russia's Ukraine war",
      "summary_short": "What we know about leaked US draft plan to end Russia's Ukraine war. There are 28 key points and while several on the face of it could be acceptable to Ukraine, others cross Kyiv's red lines.",
      "summary_medium": "What we know about leaked US draft plan to end Russia's Ukraine war. There are 28 key points and while several on the face of it could be acceptable to Ukraine, others cross Kyiv's red lines.",
      "category": "technology",
      "language": "en",
      "polarity": "neutral",
      "tone": "calm",
      "confidence": 0.3,
      "confidence_score": 0.3,
      "timestamp": "2025-11-21T20:15:11+00:00",
      "audio_path": "data/audio/20251122/dev/item_1_dev.wav",
      "audio_duration": 11.12,
      "voice_used": "default",
      "synthesis_status": "fallback",
      "avatar": "dev",
      "trend_score": 1.0,
      "priority_score": 0.7316
    },
    {
      "id": "https://www.bbc.com/news/articles/cvgqd42gl0qo#0",
      "title": "Five takeaways from Trump and Mamdani's surprisingly cordial meeting",
      "summary_short": "Five takeaways from Trump and Mamdani's surprisingly cordial meeting. It was billed as potentially the political showdown of the year - instead, both men gave one another praise.",
      "summary_medium": "Five takeaways from Trump and Mamdani's surprisingly cordial meeting. It was billed as potentially the political showdown of the year - instead, both men gave one another praise.",
      "category": "general",
      "language": "en",
      "polarity": "neutral",
      "tone": "calm",
      "confidence": 0.3,
      "confidence_score": 0.3,
      "timestamp": "2025-11-22T04:04:18+00:00",
      "trend_score": 0.3857,
      "priority_score": 0.5184
    },
    {
      "id": "https://www.bbc.com/news/articles/c78z8n3kvnro#0",
      "title": "India's blind women cricketers chase history at first T20 World Cup",
      "summary_short": "India's blind women cricketers chase history at first T20 World Cup. Most players come from underprivileged, rural backgrounds and learned the sport in the last few years.",
      "summary_medium": "India's blind women cricketers chase history at first T20 World Cup. Most players come from underprivileged, rural backgrounds and learned the sport in the last few years.",
      "category": "general",
      "language": "en",
      "polarity": "neutral",
      "tone": "calm",
      "confidence": 0.3,
      "confidence_score": 0.3,
      "timestamp": "2025-11-22T02:07:19+00:00",
      "trend_score": 0.3857,
      "priority_score": 0.5103
    },
    {
      "id": "https://www.bbc.com/news/articles/cvgmgjx1jego#1",
      "title": "Anti-Hamas armed groups seek future role under Gaza peace plan",
      "summary_short": "Anti-Hamas armed groups seek future role under Gaza peace plan. Several groups - some of them backed by Israel - are ranged against Hamas in Gaza, with complex and overlapping ties.",
      "summary_medium": "Anti-Hamas armed groups seek future role under Gaza peace plan. Several groups - some of them backed by Israel - are ranged against Hamas in Gaza, with complex and overlapping ties.",
      "category": "general",
      "language": "en",
      "polarity": "positive",
      "tone": "joyful",
      "confidence": 0.2,
      "confidence_score": 0.2,
      "timestamp": "2025-11-21T10:24:27+00:00",
      "audio_path": "data/audio/20251122/dev/item_10_dev.wav",
      "audio_duration": 10.37,
      "voice_used": "default",
      "synthesis_status": "fallback",
      "avatar": "dev",
      "trend_score": 0.3857,
      "priority_score": 0.5048
    },
    {
      "id": "https://www.bbc.com/news/articles/c20508y7w5yo#0",
      "title": "Will Trump's no-show eclipse South Africa's G20 moment?",
      "summary_short": "Will Trump's no-show eclipse South Africa's G20 moment?. The host nation's goal of advocating for developing nations may be overshadowed by the absence of the US president.",
      "summary_medium": "Will Trump's no-show eclipse South Africa's G20 moment?. The host nation's goal of advocating for developing nations may be overshadowed by the absence of the US president.",
      "category": "general",
      "language": "en",
      "polarity": "neutral",
      "tone": "calm",
      "confidence": 0.3,
      "confidence_score": 0.3,
      "timestamp": "2025-11-22T00:09:48+00:00",
      "trend_score": 0.3857,
      "priority_score": 0.5022
    },
    {
      "id": "https://www.bbc.com/news/articles/cgqlqjz30zxo#0",
      "title": "Family of missing Colombian seek answers after US strike on alleged drug boat",
      "summary_short": "Family of missing Colombian seek answers after US strike on alleged drug boat. Lizbeth Perez's uncle has not been seen since a boat was hit in international waters in September.",
      "summary_medium": "Family of missing Colombian seek answers after US strike on alleged drug boat. Lizbeth Perez's uncle has not been seen since a boat was hit in international waters in September.",
      "category": "general",
      "language": "en",
      "polarity": "neutral",
      "tone": "calm",
      "confidence": 0.3,
      "confidence_score": 0.3,
      "timestamp": "2025-11-21T22:01:24+00:00",
      "trend_score": 0.3857,
      "priority_score": 0.4932
    },
    {
      "id": "https://www.bbc.com/news/articles/cz68x1n5qd6o#0",
      "title": "Grizzly bear on loose after attacking school group in Canada, injuring 11",
      "summary_short": "Grizzly bear on loose after attacking school group in Canada, injuring 11. A male teacher \"got the whole brunt\" of the attack and some children were hit with bear spray.",
      "summary_medium": "Grizzly bear on loose after attacking school group in Canada, injuring 11. A male teacher \"got the whole brunt\" of the attack and some children were hit with bear spray.",
      "category": "general",
      "language": "en",
      "polarity": "neutral",
      "tone": "calm",
      "confidence": 0.3,
      "confidence_score": 0.3,
      "timestamp": "2025-11-21T21:05:30+00:00",
      "trend_score": 0.3857,
      "priority_score": 0.4894
    },
    {
      "id": "https://www.bbc.com/news/articles/c5yq3g7lqgqo#1",
      "title": "US judge resigns after being disciplined for wearing Elvis wig in court",
      "summary_short": "US judge resigns after being disciplined for wearing Elvis wig in court. In court, Judge Thornhill would play the singer's music from his phone and make \"irrelevant\" references to him.",
      "summary_medium": "US judge resigns after being disciplined for wearing Elvis wig in court. In court, Judge Thornhill would play the singer's music from his phone and make \"irrelevant\" references to him.",
      "category": "general",
      "language": "en",
      "polarity": "neutral",
      "tone": "calm",
      "confidence": 0.3,
      "confidence_score": 0.3,
      "timestamp": "2025-11-21T18:26:27+00:00",
      "trend_score": 0.3857,
      "priority_score": 0.4783
    },
    {
      "id": "https://www.bbc.com/news/articles/cvgke7e2jx8o#1",
      "title": "At least five killed in Bangladesh earthquake",
      "summary_short": "At least five killed in Bangladesh earthquake. The epicentre of the earthquake was about 30 kilometres (18.6 miles) from the capital, Dhaka.",
      "summary_medium": "At least five killed in Bangladesh earthquake. The epicentre of the earthquake was about 30 kilometres (18.6 miles) from the capital, Dhaka.",
      "category": "general",
      "language": "en",
      "polarity": "neutral",
      "tone": "calm",
      "confidence": 0.3,
      "confidence_score": 0.3,
      "timestamp": "2025-11-21T16:10:07+00:00",
      "trend_score": 0.3857,
      "priority_score": 0.4688
    },
    {
      "id": "https://www.bbc.com/news/articles/cj4qx1lenvjo#0",
      "title": "Trump ally Marjorie Taylor Greene to quit Congress after Epstein files feud",
      "summary_short": "Trump ally Marjorie Taylor Greene to quit Congress after Epstein files feud. A falling out with the US president erupted amid her relentless calls to release documents on the late paedophile.",
      "summary_medium": "Trump ally Marjorie Taylor Greene to quit Congress after Epstein files feud. A falling out with the US president erupted amid her relentless calls to release documents on the late paedophile.",
      "category": "general",
      "language": "en",
      "polarity": "negative",
      "tone": "calm",
      "confidence": 0.2,
      "confidence_score": 0.2,
      "timestamp": "2025-11-22T04:12:35+00:00",
      "audio_path": "data/audio/20251122/dev/item_2_dev.wav",
      "audio_duration": 10.52,
      "voice_used": "default",
      "synthesis_status": "fallback",
      "avatar": "dev",
      "trend_score": 0.3857,
      "priority_score": 0.459
    }
  ]
}